"idcliente","nombre","apellido","email","genero","edad","compras_anuales"
"1","Marielle","Dartan","mdartan0@simplemachines.org","Female","38","4"
"2","Yves","Frentz","yfrentz1@usa.gov","Male","38","1"
"3","Teddie","Uppett","tuppett2@fastcompany.com","Male","33","3"
"4","Michele","Bellward","mbellward3@cdbaby.com","Male","60","1"
"5","Ramona","MacAndrew","rmacandrew4@amazon.com","Female","28","2"
"6","Ellerey","Scranney","escranney5@oaic.gov.au","Male","39","5"
"7","Mathilda","Durrance","mdurrance6@furl.net","Female","32","4"
"8","Cassandre","Sandercock","csandercock7@technorati.com","Female","21","5"
"9","Shelagh","Skingley","sskingley8@wsj.com","Female","23","5"
"10","Daphne","Sirey","dsirey9@google.fr","Female","34","2"
"11","Thelma","Sandon","tsandona@ca.gov","Female","49","3"
"12","Ulysses","Cain","ucainb@ebay.com","Male","34","5"
"13","Mario","Emblin","memblinc@elpais.com","Male","76","3"
"14","Tobit","Dengel","tdengeld@baidu.com","Male","48","4"
"15","Glynda","Ayer","gayere@cornell.edu","Female","25","3"
"16","Ibbie","O'Kinneally","iokinneallyf@amazon.de","Female","49","1"
"17","Myrtia","Cumberpatch","mcumberpatchg@arstechnica.com","Female","29","2"
"18","Berkie","Blazek","bblazekh@newyorker.com","Male","24","3"
"19","Chiquia","Grieveson","cgrievesoni@psu.edu","Female","35","3"
"20","Blanca","Raddan","braddanj@businessweek.com","Female","64","1"
"21","Caron","Celes","ccelesk@google.com","Female","71","1"
"22","Gigi","Haygreen","ghaygreenl@china.com.cn","Female","31","2"
"23","Duncan","Landre","dlandrem@yellowbook.com","Male","59","4"
"24","Ediva","Keith","ekeithn@google.pl","Female","59","2"
"25","Paulie","Perelli","pperellio@webmd.com","Male","31","5"
"26","Kinny","Whiteford","kwhitefordp@google.de","Male","56","5"
"27","Nedda","Braun","nbraunq@com.com","Female","25","4"
"28","Leroi","Bonanno","lbonannor@apple.com","Male","48","4"
"29","Nate","Capstaff","ncapstaffs@wikimedia.org","Male","70","5"
"30","Kienan","Elham","kelhamt@vk.com","Male","53","4"
"31","Ambrose","Pinsent","apinsentu@seattletimes.com","Male","33","1"
"32","Orazio","Booth-Jarvis","oboothjarvisv@boston.com","Male","48","5"
"33","Benedict","Burvill","bburvillw@wix.com","Male","38","3"
"34","Billy","Danilowicz","bdanilowiczx@tamu.edu","Genderqueer","33","3"
"35","Gay","Maffi","gmaffiy@acquirethisname.com","Male","37","4"
"36","Ronnie","Garton","rgartonz@naver.com","Male","73","2"
"37","Felipa","Limpenny","flimpenny10@nps.gov","Female","38","1"
"38","Helenka","Abelson","habelson11@theguardian.com","Female","18","1"
"39","Sydel","O'Harney","soharney12@scientificamerican.com","Polygender","23","3"
"40","Gordon","Elijah","gelijah13@jugem.jp","Male","43","4"
"41","Monroe","Teggin","mteggin14@auda.org.au","Male","69","2"
"42","Sephira","Lamke","slamke15@reverbnation.com","Female","29","1"
"43","Teresita","MacAughtrie","tmacaughtrie16@bizjournals.com","Female","51","1"
"44","Moyna","Nelligan","mnelligan17@umn.edu","Agender","58","5"
"45","Sarene","Sheran","ssheran18@yandex.ru","Female","29","2"
"46","Farah","Stoves","fstoves19@tmall.com","Female","79","4"
"47","Ogdan","Ketcher","oketcher1a@illinois.edu","Male","19","2"
"48","Alessandra","Orridge","aorridge1b@flickr.com","Female","51","2"
"49","Madeline","Hasnney","mhasnney1c@g.co","Female","37","1"
"50","Skipton","Immer","simmer1d@canalblog.com","Male","72","5"
"51","Noelyn","Pierpoint","npierpoint1e@dedecms.com","Female","34","4"
"52","Diannne","Tilly","dtilly1f@opera.com","Female","39","2"
"53","Guenna","Woolis","gwoolis1g@simplemachines.org","Female","36","5"
"54","Minni","Barbie","mbarbie1h@mozilla.org","Female","62","3"
"55","Dion","Clemencet","dclemencet1i@state.gov","Female","80","1"
"56","Grata","Deluze","gdeluze1j@wiley.com","Female","57","3"
"57","Emery","Evitt","eevitt1k@theguardian.com","Non-binary","24","3"
"58","Bobine","Maddock","bmaddock1l@miibeian.gov.cn","Female","60","4"
"59","Katya","Moisey","kmoisey1m@rambler.ru","Female","40","2"
"60","Margareta","Bollini","mbollini1n@bizjournals.com","Female","32","1"
"61","Fletch","Rentalll","frentalll1o@ibm.com","Male","50","1"
"62","Saxe","Shawyers","sshawyers1p@google.de","Bigender","32","5"
"63","Zachariah","Farlane","zfarlane1q@odnoklassniki.ru","Male","46","3"
"64","Shaughn","McAndrew","smcandrew1r@pagesperso-orange.fr","Male","59","1"
"65","Ade","Sidery","asidery1s@wordpress.com","Male","70","1"
"66","Ladonna","Picardo","lpicardo1t@skype.com","Female","45","5"
"67","Garry","Malinson","gmalinson1u@aboutads.info","Male","54","5"
"68","Tye","Shakshaft","tshakshaft1v@nyu.edu","Male","45","3"
"69","Rayna","Raitt","rraitt1w@uiuc.edu","Female","39","2"
"70","Jorgan","Perrelle","jperrelle1x@sbwire.com","Male","40","1"
"71","Jehu","Lever","jlever1y@addtoany.com","Male","35","4"
"72","Benedick","Rearden","brearden1z@vkontakte.ru","Male","77","5"
"73","Jacynth","Vasishchev","jvasishchev20@webmd.com","Female","77","4"
"74","Reamonn","Sappy","rsappy21@vk.com","Male","60","5"
"75","Bari","Digges","bdigges22@yolasite.com","Agender","69","2"
"76","Alexandr","Fulks","afulks23@google.co.uk","Male","58","3"
"77","Cindelyn","Arter","carter24@rambler.ru","Agender","66","1"
"78","Klemens","Doring","kdoring25@mashable.com","Male","47","1"
"79","Farlie","Johantges","fjohantges26@booking.com","Male","58","4"
"80","Peggie","Tourner","ptourner27@army.mil","Female","30","1"
"81","Clair","Honacker","chonacker28@homestead.com","Female","25","1"
"82","Melisent","Ashfold","mashfold29@eventbrite.com","Female","56","2"
"83","Irita","Rose","irose2a@nature.com","Female","57","4"
"84","Corney","Plett","cplett2b@bbc.co.uk","Male","23","5"
"85","Rabi","Courcey","rcourcey2c@dot.gov","Male","67","5"
"86","Findley","Goom","fgoom2d@rambler.ru","Male","18","3"
"87","Durant","Powder","dpowder2e@list-manage.com","Male","41","5"
"88","Irwinn","Sidle","isidle2f@tripod.com","Genderfluid","44","3"
"89","Caspar","Linneman","clinneman2g@hexun.com","Male","26","3"
"90","Lawton","Scawen","lscawen2h@unblog.fr","Male","77","3"
"91","Wolfgang","St Louis","wstlouis2i@redcross.org","Male","46","3"
"92","Arlie","Gallo","agallo2j@gmpg.org","Female","71","4"
"93","Maurice","Kinnock","mkinnock2k@nasa.gov","Male","42","3"
"94","Jere","Semper","jsemper2l@alibaba.com","Male","58","5"
"95","Gretal","Cossor","gcossor2m@yelp.com","Female","28","4"
"96","Frederik","Eglin","feglin2n@amazonaws.com","Male","69","3"
"97","Westley","Karpov","wkarpov2o@fda.gov","Male","49","2"
"98","Vasilis","Burrage","vburrage2p@discovery.com","Male","56","5"
"99","Ali","Foch","afoch2q@live.com","Non-binary","67","4"
"100","Jammal","Okie","jokie2r@youku.com","Male","76","2"
"101","Auguste","Ride","aride2s@cnn.com","Female","33","3"
"102","Dalt","Giamelli","dgiamelli2t@biblegateway.com","Male","69","2"
"103","Vicki","Restall","vrestall2u@wisc.edu","Female","32","2"
"104","Doy","Begin","dbegin2v@imdb.com","Male","32","2"
"105","Chantalle","Gurrado","cgurrado2w@youtu.be","Female","78","2"
"106","Charlotta","Sulter","csulter2x@businesswire.com","Female","49","3"
"107","Ulrick","Faughnan","ufaughnan2y@salon.com","Male","76","3"
"108","Wiatt","Wolver","wwolver2z@instagram.com","Male","25","4"
"109","Aldus","Fayer","afayer30@edublogs.org","Male","75","5"
"110","Beatrix","Ownsworth","bownsworth31@berkeley.edu","Female","36","1"
"111","Henriette","Brakespear","hbrakespear32@dagondesign.com","Female","62","4"
"112","Imojean","Austin","iaustin33@google.nl","Female","72","1"
"113","David","Rudyard","drudyard34@woothemes.com","Male","73","5"
"114","Leora","Tant","ltant35@yale.edu","Non-binary","73","2"
"115","Olive","Oldknowe","ooldknowe36@wix.com","Female","71","2"
"116","Leone","While","lwhile37@opensource.org","Female","76","3"
"117","Redford","Seiler","rseiler38@miibeian.gov.cn","Genderfluid","49","1"
"118","Marcelline","Savile","msavile39@ox.ac.uk","Female","35","2"
"119","Lenard","Pregel","lpregel3a@reference.com","Genderfluid","74","4"
"120","Pacorro","Skelhorn","pskelhorn3b@shutterfly.com","Male","54","1"
"121","Bruis","Shambrooke","bshambrooke3c@google.com.hk","Male","64","1"
"122","Wrennie","Hallagan","whallagan3d@imageshack.us","Female","73","4"
"123","Rowena","Pavy","rpavy3e@mac.com","Polygender","54","2"
"124","Killian","Lebbern","klebbern3f@alexa.com","Male","72","5"
"125","Lona","Danes","ldanes3g@wikipedia.org","Female","34","4"
"126","Cross","Leacy","cleacy3h@skyrock.com","Male","38","5"
"127","Ettore","Denisot","edenisot3i@homestead.com","Male","31","1"
"128","Delmer","Branscombe","dbranscombe3j@live.com","Male","22","4"
"129","Odell","Leathard","oleathard3k@google.it","Male","39","1"
"130","Grissel","Broom","gbroom3l@meetup.com","Female","30","4"
"131","Hanan","Skitterel","hskitterel3m@issuu.com","Male","19","4"
"132","Amabelle","Willgrass","awillgrass3n@wordpress.com","Female","37","3"
"133","Dari","Bedingfield","dbedingfield3o@spotify.com","Female","70","2"
"134","Shadow","Condliffe","scondliffe3p@lycos.com","Male","49","5"
"135","Perla","Tutchings","ptutchings3q@homestead.com","Female","56","1"
"136","Goldarina","Bravington","gbravington3r@hao123.com","Female","65","1"
"137","Brita","Nelsen","bnelsen3s@amazon.de","Female","18","4"
"138","Conroy","Linskill","clinskill3t@reference.com","Male","22","1"
"139","Bonnibelle","Grasha","bgrasha3u@smugmug.com","Female","56","2"
"140","Silvio","Cranch","scranch3v@cocolog-nifty.com","Male","46","5"
"141","Kingston","Caffrey","kcaffrey3w@deviantart.com","Male","18","5"
"142","Tonia","Preene","tpreene3x@etsy.com","Female","71","3"
"143","Enid","Cookley","ecookley3y@microsoft.com","Female","60","4"
"144","Gualterio","Maskell","gmaskell3z@marketwatch.com","Male","18","5"
"145","Quillan","Scourgie","qscourgie40@arizona.edu","Male","50","4"
"146","Barbi","Beves","bbeves41@unicef.org","Female","63","4"
"147","Gussi","McGeady","gmcgeady42@digg.com","Female","63","2"
"148","Cody","Taffe","ctaffe43@bravesites.com","Male","79","4"
"149","Jennee","Vegas","jvegas44@globo.com","Non-binary","21","4"
"150","Vale","Simanenko","vsimanenko45@issuu.com","Male","75","4"
"151","Minne","Ashley","mashley46@google.com.au","Bigender","63","5"
"152","Guenna","McBean","gmcbean47@sitemeter.com","Female","43","3"
"153","Jamison","Allonby","jallonby48@desdev.cn","Male","77","5"
"154","Leah","Ovett","lovett49@discovery.com","Female","49","2"
"155","Alf","Le Page","alepage4a@google.co.jp","Male","69","4"
"156","Nyssa","Savill","nsavill4b@twitpic.com","Female","43","2"
"157","Romy","Airds","rairds4c@tinypic.com","Female","33","4"
"158","Selena","Laville","slaville4d@craigslist.org","Female","45","5"
"159","Giacomo","Fasler","gfasler4e@goo.ne.jp","Male","22","2"
"160","Carmine","Dumsday","cdumsday4f@reference.com","Female","55","4"
"161","Marsiella","Snowball","msnowball4g@youtu.be","Female","57","2"
"162","Mitchell","Towe","mtowe4h@biglobe.ne.jp","Male","71","3"
"163","Jean","Plaid","jplaid4i@chron.com","Female","72","3"
"164","Kissiah","Stormonth","kstormonth4j@nyu.edu","Female","23","5"
"165","Cati","Cockrem","ccockrem4k@amazonaws.com","Agender","41","5"
"166","Alvira","Grewar","agrewar4l@engadget.com","Female","31","2"
"167","Kassey","Coggan","kcoggan4m@wisc.edu","Female","55","1"
"168","Marcelle","Myrick","mmyrick4n@arstechnica.com","Female","73","5"
"169","Morganne","Kilford","mkilford4o@naver.com","Female","73","1"
"170","Lucien","Sansome","lsansome4p@biblegateway.com","Male","29","4"
"171","Joseph","Buggy","jbuggy4q@google.ca","Male","43","5"
"172","Gabby","Wharfe","gwharfe4r@fda.gov","Male","35","3"
"173","Garner","Claremont","gclaremont4s@edublogs.org","Polygender","29","4"
"174","Wiley","Crummay","wcrummay4t@engadget.com","Male","55","3"
"175","Ros","Le febre","rlefebre4u@bbb.org","Female","75","4"
"176","Teriann","Pavlov","tpavlov4v@dot.gov","Female","50","4"
"177","Cathlene","Gery","cgery4w@toplist.cz","Female","43","4"
"178","Vladamir","Andrich","vandrich4x@umn.edu","Male","69","5"
"179","Alexandr","Dykas","adykas4y@mapy.cz","Male","74","2"
"180","Catie","Hew","chew4z@privacy.gov.au","Female","27","4"
"181","Trude","Berthelmot","tberthelmot50@barnesandnoble.com","Female","61","5"
"182","Gregorius","Stuckley","gstuckley51@mit.edu","Male","26","3"
"183","Neill","Selland","nselland52@webnode.com","Male","45","5"
"184","Nicholas","Rideout","nrideout53@xinhuanet.com","Male","25","1"
"185","Barbaraanne","L' Anglois","blanglois54@techcrunch.com","Female","40","4"
"186","Bartolomeo","Copley","bcopley55@oaic.gov.au","Male","34","3"
"187","Aryn","Burhill","aburhill56@skyrock.com","Female","28","1"
"188","Humfrey","Cervantes","hcervantes57@opensource.org","Male","23","1"
"189","Horst","Marmon","hmarmon58@auda.org.au","Male","35","1"
"190","Bertrando","Charity","bcharity59@vimeo.com","Male","73","2"
"191","Burke","Sidwell","bsidwell5a@gravatar.com","Male","34","2"
"192","Arlette","Kybbye","akybbye5b@blogtalkradio.com","Female","73","1"
"193","Loleta","Lawtey","llawtey5c@posterous.com","Genderqueer","36","1"
"194","Hadleigh","Traise","htraise5d@sogou.com","Male","61","2"
"195","Allan","de Lloyd","adelloyd5e@webmd.com","Male","50","2"
"196","Lyda","Backshaw","lbackshaw5f@csmonitor.com","Female","73","1"
"197","Avis","Phizacklea","aphizacklea5g@hhs.gov","Female","45","1"
"198","Townsend","Sacaze","tsacaze5h@list-manage.com","Male","41","1"
"199","Toinette","Phillott","tphillott5i@flavors.me","Female","71","5"
"200","Tasha","Crosetto","tcrosetto5j@epa.gov","Female","28","5"
"201","Murdoch","Varley","mvarley5k@canalblog.com","Male","63","3"
"202","Kora","Jakubovsky","kjakubovsky5l@cnet.com","Female","47","4"
"203","Vevay","Witcomb","vwitcomb5m@unblog.fr","Female","22","4"
"204","Kiri","Lindroos","klindroos5n@nymag.com","Female","67","4"
"205","Steffie","Hargroves","shargroves5o@spiegel.de","Female","41","1"
"206","Tracey","Spalton","tspalton5p@nih.gov","Male","54","5"
"207","Raymond","Lau","rlau5q@opensource.org","Male","75","1"
"208","Mae","Sneezum","msneezum5r@europa.eu","Female","28","5"
"209","Adamo","Vedyashkin","avedyashkin5s@123-reg.co.uk","Male","46","5"
"210","Gaby","Frift","gfrift5t@redcross.org","Male","44","5"
"211","Marleah","Matveiko","mmatveiko5u@yellowpages.com","Female","58","4"
"212","Traver","Hillyatt","thillyatt5v@dagondesign.com","Male","18","4"
"213","Evelin","Given","egiven5w@illinois.edu","Agender","27","5"
"214","Nissa","Lytlle","nlytlle5x@friendfeed.com","Female","24","1"
"215","Patti","Dyke","pdyke5y@ox.ac.uk","Female","78","3"
"216","Anthe","Stellman","astellman5z@census.gov","Female","44","4"
"217","Hercule","Dyter","hdyter60@boston.com","Male","61","3"
"218","Sela","Jansky","sjansky61@dion.ne.jp","Female","45","5"
"219","Julie","Zappel","jzappel62@loc.gov","Male","23","5"
"220","Gates","Warbrick","gwarbrick63@wunderground.com","Female","33","1"
"221","Fidel","Caustic","fcaustic64@nymag.com","Male","40","5"
"222","Torey","McLaine","tmclaine65@skype.com","Polygender","61","1"
"223","Dredi","Jessope","djessope66@sphinn.com","Female","62","3"
"224","Alaric","Sumpton","asumpton67@homestead.com","Male","50","4"
"225","Gabriela","Meeron","gmeeron68@scribd.com","Female","76","4"
"226","Ariella","Goulter","agoulter69@thetimes.co.uk","Female","41","1"
"227","Kipp","Quarterman","kquarterman6a@shinystat.com","Female","70","4"
"228","Melva","Gainsford","mgainsford6b@japanpost.jp","Female","22","4"
"229","Nannette","Fedder","nfedder6c@boston.com","Female","47","4"
"230","Sibylle","Streatfield","sstreatfield6d@prnewswire.com","Genderqueer","44","1"
"231","Jacquette","Forward","jforward6e@sogou.com","Female","27","3"
"232","Worthy","Zaple","wzaple6f@facebook.com","Genderqueer","28","4"
"233","Perl","Ellens","pellens6g@addthis.com","Female","41","3"
"234","Nicolis","Poppy","npoppy6h@ovh.net","Male","63","4"
"235","Meggie","Kristoffersen","mkristoffersen6i@g.co","Female","36","1"
"236","Neale","Lockie","nlockie6j@nhs.uk","Male","78","4"
"237","Chrysa","Rowat","crowat6k@vk.com","Female","46","4"
"238","Israel","Smallman","ismallman6l@4shared.com","Male","77","1"
"239","Regan","Renon","rrenon6m@goo.ne.jp","Male","73","2"
"240","Susanna","Ragsdall","sragsdall6n@chicagotribune.com","Female","41","2"
"241","Eulalie","Gellert","egellert6o@elpais.com","Agender","31","4"
"242","Quentin","Binham","qbinham6p@time.com","Non-binary","26","2"
"243","Norrie","MacRitchie","nmacritchie6q@twitpic.com","Male","57","2"
"244","Jessalyn","Downing","jdowning6r@qq.com","Female","40","4"
"245","Tressa","Jerrams","tjerrams6s@163.com","Female","26","4"
"246","Tarah","Eggins","teggins6t@psu.edu","Female","49","3"
"247","Alyss","Antushev","aantushev6u@msn.com","Female","48","2"
"248","Giles","Tallach","gtallach6v@dailymail.co.uk","Male","42","4"
"249","Nefen","Casford","ncasford6w@miitbeian.gov.cn","Male","34","3"
"250","Sisile","Dobsons","sdobsons6x@nasa.gov","Female","43","1"
"251","Dianemarie","Orhtmann","dorhtmann6y@yahoo.co.jp","Female","80","1"
"252","Raimundo","MacQuarrie","rmacquarrie6z@mozilla.org","Male","63","3"
"253","Marianna","Stutte","mstutte70@boston.com","Female","24","4"
"254","Cathryn","Wittier","cwittier71@boston.com","Female","51","1"
"255","Atlante","Hardington","ahardington72@mysql.com","Female","50","1"
"256","Talbot","Moston","tmoston73@goodreads.com","Male","34","2"
"257","Franchot","Slamaker","fslamaker74@symantec.com","Male","25","1"
"258","Obed","Mattheissen","omattheissen75@ezinearticles.com","Male","55","4"
"259","Sheri","Arendsen","sarendsen76@angelfire.com","Female","25","5"
"260","Gifford","Youell","gyouell77@people.com.cn","Male","73","4"
"261","Morgana","Doog","mdoog78@unicef.org","Female","35","1"
"262","Billy","Franchi","bfranchi79@purevolume.com","Male","25","2"
"263","Norine","Skellion","nskellion7a@baidu.com","Female","53","3"
"264","Justen","Duncklee","jduncklee7b@quantcast.com","Male","71","2"
"265","Farr","Petty","fpetty7c@macromedia.com","Male","40","4"
"266","Konstantine","Mocker","kmocker7d@feedburner.com","Male","59","4"
"267","Gerick","Aharoni","gaharoni7e@ted.com","Male","68","2"
"268","Heloise","Philcox","hphilcox7f@about.com","Female","18","5"
"269","Becky","Mation","bmation7g@myspace.com","Female","53","1"
"270","Sim","McCrisken","smccrisken7h@theglobeandmail.com","Male","21","4"
"271","Antoine","Dawdary","adawdary7i@fastcompany.com","Male","25","1"
"272","Jolene","Peret","jperet7j@house.gov","Female","49","4"
"273","Ulysses","Kettles","ukettles7k@jigsy.com","Male","52","2"
"274","Gayle","Drayson","gdrayson7l@twitpic.com","Male","68","2"
"275","Felice","Briscoe","fbriscoe7m@com.com","Female","75","4"
"276","Freddi","Bysouth","fbysouth7n@boston.com","Female","69","5"
"277","Aubrette","MacInerney","amacinerney7o@ft.com","Female","48","4"
"278","Alfonso","Feldbau","afeldbau7p@so-net.ne.jp","Male","66","3"
"279","Gabie","Morfield","gmorfield7q@usnews.com","Female","53","1"
"280","Quillan","Sprosson","qsprosson7r@hp.com","Genderqueer","60","1"
"281","Florentia","Levett","flevett7s@hubpages.com","Female","28","2"
"282","Si","Cowland","scowland7t@abc.net.au","Male","32","3"
"283","Eleanora","Librey","elibrey7u@themeforest.net","Genderqueer","55","3"
"284","Elbertina","Erdely","eerdely7v@imgur.com","Female","55","3"
"285","Jedidiah","Grute","jgrute7w@bizjournals.com","Male","80","3"
"286","Mycah","Spoole","mspoole7x@examiner.com","Male","58","4"
"287","Clem","McKeaveney","cmckeaveney7y@harvard.edu","Female","76","1"
"288","Sib","Osselton","sosselton7z@last.fm","Female","37","1"
"289","Ches","Copeman","ccopeman80@eepurl.com","Male","28","4"
"290","Ilse","Leney","ileney81@ucoz.com","Female","42","4"
"291","Sabra","Roskams","sroskams82@usatoday.com","Female","29","1"
"292","Hercules","Westcarr","hwestcarr83@shutterfly.com","Male","31","1"
"293","Randie","Curror","rcurror84@disqus.com","Female","80","2"
"294","Erv","Piotrkowski","epiotrkowski85@bloglovin.com","Male","58","3"
"295","Darrin","Bummfrey","dbummfrey86@tinyurl.com","Male","38","2"
"296","Westbrooke","Pinkney","wpinkney87@chronoengine.com","Male","55","4"
"297","Zondra","Buttress","zbuttress88@theatlantic.com","Female","69","2"
"298","Ezechiel","Ewing","eewing89@pagesperso-orange.fr","Male","42","5"
"299","Eilis","Pittel","epittel8a@icio.us","Non-binary","44","5"
"300","Bevon","Restill","brestill8b@meetup.com","Male","69","3"
"301","Dahlia","Truesdale","dtruesdale8c@google.nl","Female","73","5"
"302","Lani","Mc Trusty","lmctrusty8d@archive.org","Female","44","3"
"303","Hadlee","Cudby","hcudby8e@blinklist.com","Polygender","24","3"
"304","Laina","Getley","lgetley8f@umich.edu","Female","59","4"
"305","Sandy","Hanford","shanford8g@mapy.cz","Female","19","4"
"306","Ibbie","Klas","iklas8h@pagesperso-orange.fr","Non-binary","34","2"
"307","Darrel","Ollerearnshaw","dollerearnshaw8i@cocolog-nifty.com","Male","69","2"
"308","Libbey","Birchall","lbirchall8j@lycos.com","Female","34","5"
"309","Raimondo","Laverty","rlaverty8k@java.com","Male","69","4"
"310","Maison","Youhill","myouhill8l@ebay.co.uk","Male","65","3"
"311","Leroy","Kinnear","lkinnear8m@youtu.be","Male","70","1"
"312","Samantha","Baile","sbaile8n@psu.edu","Female","61","3"
"313","Elicia","McGarvie","emcgarvie8o@opera.com","Female","74","4"
"314","Catarina","Lawleff","clawleff8p@google.ru","Female","26","3"
"315","Sherry","Traite","straite8q@163.com","Agender","50","1"
"316","Arleyne","Copestake","acopestake8r@digg.com","Female","71","3"
"317","Randi","Pautard","rpautard8s@hexun.com","Female","80","5"
"318","Ole","O'Coskerry","oocoskerry8t@paginegialle.it","Male","21","2"
"319","Shawn","Goudy","sgoudy8u@adobe.com","Male","58","1"
"320","Lewiss","Carruth","lcarruth8v@webs.com","Polygender","79","2"
"321","Ursa","Gaynsford","ugaynsford8w@rakuten.co.jp","Female","59","1"
"322","Sheffie","Brooker","sbrooker8x@economist.com","Male","61","4"
"323","Bailey","Orgel","borgel8y@histats.com","Male","25","4"
"324","Jacqui","Bonhome","jbonhome8z@domainmarket.com","Female","54","5"
"325","Nessie","Verney","nverney90@mail.ru","Female","34","5"
"326","Flossy","MacKaig","fmackaig91@vk.com","Female","60","3"
"327","Donaugh","Roscamps","droscamps92@fema.gov","Male","24","5"
"328","Mariejeanne","Brosetti","mbrosetti93@usgs.gov","Female","72","4"
"329","Isak","Horbath","ihorbath94@imageshack.us","Male","29","2"
"330","Leia","Elizabeth","lelizabeth95@twitpic.com","Female","44","1"
"331","Colas","Koomar","ckoomar96@ucoz.com","Male","44","5"
"332","Kelley","Rogans","krogans97@washington.edu","Male","34","5"
"333","Vittoria","Alenikov","valenikov98@cnbc.com","Female","38","3"
"334","Clayborne","Cleaveland","ccleaveland99@4shared.com","Male","44","1"
"335","Vasilis","Soles","vsoles9a@zimbio.com","Male","76","4"
"336","Gelya","Campanelle","gcampanelle9b@shareasale.com","Female","76","4"
"337","Hastie","Kinsett","hkinsett9c@moonfruit.com","Male","71","3"
"338","Eustace","Valeri","evaleri9d@vimeo.com","Male","30","2"
"339","Raddie","Lilion","rlilion9e@hugedomains.com","Male","20","5"
"340","Karlee","Dibbe","kdibbe9f@lulu.com","Female","65","4"
"341","Boy","Wherrit","bwherrit9g@123-reg.co.uk","Male","75","2"
"342","Jonie","McVane","jmcvane9h@salon.com","Female","56","1"
"343","Melitta","Stathor","mstathor9i@stanford.edu","Female","59","1"
"344","Calhoun","Messier","cmessier9j@toplist.cz","Male","27","4"
"345","Ellswerth","Gathercole","egathercole9k@barnesandnoble.com","Male","56","3"
"346","Jada","Bedin","jbedin9l@cocolog-nifty.com","Female","27","1"
"347","Maude","Dashwood","mdashwood9m@yelp.com","Female","60","4"
"348","Magnum","Eagle","meagle9n@cbsnews.com","Male","49","4"
"349","Ninon","McGarrity","nmcgarrity9o@mlb.com","Female","79","5"
"350","Jenifer","Dalwood","jdalwood9p@google.cn","Female","45","3"
"351","Alicea","Cesaric","acesaric9q@fda.gov","Female","37","2"
"352","Clemmie","Campes","ccampes9r@squidoo.com","Female","47","3"
"353","Duky","Cahani","dcahani9s@bizjournals.com","Male","68","1"
"354","Esmaria","Matteoni","ematteoni9t@nbcnews.com","Female","66","3"
"355","Cesya","Lannen","clannen9u@globo.com","Female","40","2"
"356","Danya","Woodard","dwoodard9v@timesonline.co.uk","Male","63","4"
"357","Bronnie","Lerway","blerway9w@trellian.com","Male","62","2"
"358","Isidro","Hindenburg","ihindenburg9x@umn.edu","Male","45","2"
"359","Mathilde","Westney","mwestney9y@fema.gov","Female","25","2"
"360","Kev","Douch","kdouch9z@nps.gov","Male","41","5"
"361","Eleanor","Spurrior","espurriora0@phoca.cz","Female","50","2"
"362","Addy","Issakov","aissakova1@alibaba.com","Male","71","5"
"363","Josephina","Ping","jpinga2@webnode.com","Female","74","1"
"364","Glynis","Blight","gblighta3@dedecms.com","Non-binary","46","1"
"365","Vanessa","Anstie","vanstiea4@github.io","Female","70","2"
"366","Susanetta","Blore","sblorea5@engadget.com","Female","56","2"
"367","Rad","McGillecole","rmcgillecolea6@storify.com","Male","66","5"
"368","Eben","Loache","eloachea7@ebay.com","Male","49","3"
"369","Quincy","Burr","qburra8@spotify.com","Male","47","5"
"370","Early","Orteu","eorteua9@arizona.edu","Male","39","4"
"371","Prue","Pere","ppereaa@pagesperso-orange.fr","Female","28","5"
"372","Andra","Dudhill","adudhillab@boston.com","Female","32","5"
"373","Lenora","Swatridge","lswatridgeac@dailymail.co.uk","Female","67","2"
"374","Janos","Harrhy","jharrhyad@imageshack.us","Male","31","5"
"375","Thaxter","Abraham","tabrahamae@bloomberg.com","Male","22","4"
"376","Egor","De Blasio","edeblasioaf@github.io","Male","74","4"
"377","Greggory","Gregory","ggregoryag@msn.com","Male","63","1"
"378","Star","Illes","sillesah@sina.com.cn","Agender","46","5"
"379","Den","Iacoboni","diacoboniai@reverbnation.com","Male","58","1"
"380","Bernie","Shaw","bshawaj@discovery.com","Female","42","5"
"381","Brittany","Basler","bbaslerak@businessweek.com","Female","75","5"
"382","Stavros","Coraini","scorainial@flavors.me","Male","63","2"
"383","Devon","Cubbino","dcubbinoam@tuttocitta.it","Female","66","1"
"384","Blake","Zanni","bzannian@si.edu","Male","58","1"
"385","Ody","Gally","ogallyao@hostgator.com","Male","48","2"
"386","Merv","Coytes","mcoytesap@multiply.com","Male","63","1"
"387","Marta","Job","mjobaq@123-reg.co.uk","Female","48","3"
"388","Godfrey","Morilla","gmorillaar@hp.com","Male","56","3"
"389","Otis","Cudby","ocudbyas@hugedomains.com","Male","74","5"
"390","Becca","Sinott","bsinottat@unc.edu","Female","19","5"
"391","Gerrard","Pfaff","gpfaffau@1688.com","Polygender","36","3"
"392","Alexandrina","Longbottom","alongbottomav@spotify.com","Female","55","2"
"393","Stern","Haysom","shaysomaw@cam.ac.uk","Male","33","3"
"394","Caspar","Redmond","credmondax@cafepress.com","Male","73","5"
"395","Valentine","Cristoforetti","vcristoforettiay@loc.gov","Female","28","4"
"396","Lorna","Rendell","lrendellaz@who.int","Female","67","5"
"397","Yvonne","Luckey","yluckeyb0@whitehouse.gov","Female","32","3"
"398","Alic","Kem","akemb1@cdc.gov","Male","24","1"
"399","Vivyan","McCullogh","vmcculloghb2@rakuten.co.jp","Female","36","5"
"400","Dav","Baskeyfield","dbaskeyfieldb3@umich.edu","Male","18","5"
"401","Ivar","Trevaskiss","itrevaskissb4@creativecommons.org","Bigender","18","1"
"402","Celisse","Dory","cdoryb5@tinyurl.com","Female","79","3"
"403","Tildi","Leechman","tleechmanb6@blinklist.com","Female","49","1"
"404","Iggie","Arton","iartonb7@discovery.com","Male","45","4"
"405","Welby","Ahlin","wahlinb8@independent.co.uk","Male","46","5"
"406","Rivy","Dallimare","rdallimareb9@wisc.edu","Female","22","2"
"407","Vikky","Lelliott","vlelliottba@clickbank.net","Female","64","3"
"408","Audi","Dargue","adarguebb@amazon.co.jp","Female","42","2"
"409","Jackqueline","Shoorbrooke","jshoorbrookebc@disqus.com","Female","77","5"
"410","Bertie","Brogan","bbroganbd@multiply.com","Female","45","5"
"411","Chaim","Impy","cimpybe@hostgator.com","Male","38","5"
"412","Mirabelle","Clewley","mclewleybf@disqus.com","Female","44","5"
"413","Kathrine","Deverille","kdeverillebg@rakuten.co.jp","Female","40","1"
"414","Willyt","Henstone","whenstonebh@census.gov","Female","64","3"
"415","Hildagarde","Draayer","hdraayerbi@fema.gov","Female","54","5"
"416","Drud","Wincott","dwincottbj@wsj.com","Male","66","1"
"417","Tedmund","Pollie","tpolliebk@virginia.edu","Male","66","3"
"418","Ranice","Skerritt","rskerrittbl@yahoo.com","Female","31","4"
"419","Brandy","Brigden","bbrigdenbm@baidu.com","Male","20","4"
"420","Lin","Henryson","lhenrysonbn@salon.com","Male","43","5"
"421","Hermon","Gatecliffe","hgatecliffebo@unblog.fr","Male","25","1"
"422","Stanford","Edghinn","sedghinnbp@spiegel.de","Male","78","4"
"423","Karlee","Strowan","kstrowanbq@skyrock.com","Female","56","2"
"424","Cob","Dandie","cdandiebr@shinystat.com","Male","32","4"
"425","Ax","Olivazzi","aolivazzibs@home.pl","Male","62","5"
"426","Karia","Belvard","kbelvardbt@yolasite.com","Female","70","5"
"427","Elena","Ivashnikov","eivashnikovbu@blogtalkradio.com","Female","79","1"
"428","Vania","Duinbleton","vduinbletonbv@list-manage.com","Polygender","75","1"
"429","Ambros","Courtin","acourtinbw@latimes.com","Male","65","5"
"430","Shelly","Daye","sdayebx@sina.com.cn","Female","77","5"
"431","Dix","Tilsley","dtilsleyby@msn.com","Female","28","5"
"432","Walliw","Hairsine","whairsinebz@cpanel.net","Female","46","3"
"433","Alverta","Merriment","amerrimentc0@surveymonkey.com","Female","60","4"
"434","Antin","Yuille","ayuillec1@exblog.jp","Male","65","4"
"435","Arnie","Vidloc","avidlocc2@usnews.com","Male","61","1"
"436","Rianon","Pantlin","rpantlinc3@wired.com","Female","68","3"
"437","Ashlen","Waterstone","awaterstonec4@feedburner.com","Female","52","1"
"438","Sherlocke","Reeveley","sreeveleyc5@state.gov","Male","50","5"
"439","Doug","Baignard","dbaignardc6@canalblog.com","Male","27","4"
"440","Giavani","Shevelin","gshevelinc7@msn.com","Male","75","1"
"441","Jocelyn","Morot","jmorotc8@hexun.com","Non-binary","60","1"
"442","Louisa","Dangerfield","ldangerfieldc9@cargocollective.com","Female","61","3"
"443","Darius","Raleston","dralestonca@nhs.uk","Male","18","3"
"444","Concettina","Cowpe","ccowpecb@elpais.com","Female","49","5"
"445","Emogene","Flewan","eflewancc@weebly.com","Agender","45","5"
"446","Temp","Picford","tpicfordcd@webs.com","Male","80","4"
"447","Asher","Parsonson","aparsonsonce@constantcontact.com","Male","41","2"
"448","Jerrie","Giriardelli","jgiriardellicf@squarespace.com","Male","28","3"
"449","Pieter","Akitt","pakittcg@furl.net","Genderqueer","32","2"
"450","Bil","Dalgleish","bdalgleishch@shareasale.com","Agender","72","4"
"451","Dian","Diament","ddiamentci@technorati.com","Female","69","4"
"452","Ondrea","Counsell","ocounsellcj@chronoengine.com","Genderqueer","21","5"
"453","Michelle","Fruin","mfruinck@cargocollective.com","Female","20","4"
"454","Janos","Flannery","jflannerycl@economist.com","Male","21","5"
"455","Morgen","Turle","mturlecm@ebay.co.uk","Male","50","3"
"456","Nehemiah","Hellsdon","nhellsdoncn@google.ca","Male","78","3"
"457","Blancha","Haw","bhawco@list-manage.com","Polygender","50","2"
"458","Nealson","Phelipeau","nphelipeaucp@wisc.edu","Male","60","2"
"459","Thatch","Gergolet","tgergoletcq@gnu.org","Male","28","4"
"460","Salome","Dmytryk","sdmytrykcr@blogs.com","Female","53","5"
"461","Johna","Kirmond","jkirmondcs@blogspot.com","Female","72","5"
"462","Datha","Sneesbie","dsneesbiect@scribd.com","Female","26","3"
"463","Wood","Exposito","wexpositocu@nydailynews.com","Male","37","3"
"464","Phylys","Currey","pcurreycv@cam.ac.uk","Female","58","4"
"465","Bryan","Rittmeier","brittmeiercw@hud.gov","Male","75","5"
"466","Lora","Tooth","ltoothcx@pcworld.com","Female","31","4"
"467","Laird","Forker","lforkercy@google.co.uk","Male","20","3"
"468","Neville","Ciciura","nciciuracz@tinyurl.com","Male","76","2"
"469","Abbie","Pudney","apudneyd0@npr.org","Male","18","2"
"470","Lari","Ashcroft","lashcroftd1@deliciousdays.com","Female","43","2"
"471","Araldo","Coltherd","acoltherdd2@forbes.com","Genderfluid","28","2"
"472","Debbie","Yegorev","dyegorevd3@edublogs.org","Female","23","1"
"473","Bondie","Cornew","bcornewd4@salon.com","Non-binary","70","5"
"474","Janet","Cirlos","jcirlosd5@abc.net.au","Female","40","4"
"475","Else","Duligall","eduligalld6@icio.us","Female","41","1"
"476","Justis","Coarser","jcoarserd7@reverbnation.com","Male","49","5"
"477","Joshua","Matias","jmatiasd8@deviantart.com","Male","54","5"
"478","Guendolen","Longfoot","glongfootd9@statcounter.com","Female","70","1"
"479","Harcourt","Avramovich","havramovichda@sciencedirect.com","Male","51","2"
"480","Ardelis","Yurshev","ayurshevdb@epa.gov","Agender","78","2"
"481","Aubree","Gillford","agillforddc@nationalgeographic.com","Female","34","1"
"482","Zandra","Lemarie","zlemariedd@zimbio.com","Genderqueer","45","2"
"483","Evelyn","Sweet","esweetde@xinhuanet.com","Male","51","2"
"484","Gunner","Ayre","gayredf@yandex.ru","Male","45","3"
"485","Brigham","Flipsen","bflipsendg@desdev.cn","Male","58","1"
"486","Gladi","Findlater","gfindlaterdh@sohu.com","Genderfluid","68","5"
"487","Hannis","Avrahm","havrahmdi@engadget.com","Female","48","1"
"488","Othello","Stockings","ostockingsdj@foxnews.com","Male","43","4"
"489","Lelia","Pluvier","lpluvierdk@moonfruit.com","Polygender","48","1"
"490","Ora","Cornejo","ocornejodl@google.com","Female","74","5"
"491","Austen","Mitchall","amitchalldm@canalblog.com","Male","21","4"
"492","Elfie","Labin","elabindn@lulu.com","Female","65","4"
"493","Torry","Edridge","tedridgedo@wordpress.com","Male","48","2"
"494","Perry","McFfaden","pmcffadendp@w3.org","Female","28","3"
"495","Kendrick","Godon","kgodondq@free.fr","Male","77","2"
"496","Cassandry","Jansey","cjanseydr@quantcast.com","Female","30","1"
"497","Korey","Gurwood","kgurwoodds@pen.io","Male","61","2"
"498","Ward","Pybworth","wpybworthdt@myspace.com","Male","75","1"
"499","Noak","Emmot","nemmotdu@kickstarter.com","Male","63","5"
"500","Cati","Boyles","cboylesdv@jiathis.com","Female","49","5"
"501","Arlyn","Karslake","akarslakedw@xinhuanet.com","Female","64","1"
"502","Jorrie","Clitherow","jclitherowdx@cloudflare.com","Female","39","2"
"503","Madalyn","Halfhead","mhalfheaddy@rediff.com","Agender","44","3"
"504","Bridget","Moulds","bmouldsdz@123-reg.co.uk","Female","37","5"
"505","Uriah","Tremontana","utremontanae0@xing.com","Male","51","2"
"506","Alidia","Redgate","aredgatee1@ustream.tv","Female","48","2"
"507","Kaspar","Perrelli","kperrellie2@nba.com","Agender","26","1"
"508","Corena","Bensusan","cbensusane3@sfgate.com","Female","78","1"
"509","Melvin","Souten","msoutene4@liveinternet.ru","Male","74","1"
"510","Doll","Edney","dedneye5@statcounter.com","Female","21","5"
"511","Franny","Sagrott","fsagrotte6@trellian.com","Male","46","5"
"512","Jack","Roskeilly","jroskeillye7@abc.net.au","Male","61","2"
"513","Bradney","Bourbon","bbourbone8@drupal.org","Male","35","5"
"514","Vaughn","Cadell","vcadelle9@php.net","Male","35","2"
"515","Ernestine","Blasi","eblasiea@marriott.com","Genderfluid","21","5"
"516","Susan","Honeywood","shoneywoodeb@cornell.edu","Female","78","5"
"517","Pierre","Sidary","psidaryec@harvard.edu","Male","33","5"
"518","Teri","Overton","tovertoned@mail.ru","Female","45","3"
"519","Benjamen","Kane","bkaneee@yahoo.co.jp","Male","64","1"
"520","Melisa","Carcass","mcarcassef@drupal.org","Female","73","2"
"521","Bjorn","Sabie","bsabieeg@hostgator.com","Male","44","4"
"522","Gerri","Lermit","glermiteh@google.pl","Male","30","2"
"523","Pierson","Tidman","ptidmanei@dagondesign.com","Male","60","2"
"524","Maxy","Rigney","mrigneyej@creativecommons.org","Female","77","5"
"525","Vanna","MacGilpatrick","vmacgilpatrickek@blogtalkradio.com","Female","58","2"
"526","Eduardo","McKeon","emckeonel@noaa.gov","Male","24","2"
"527","Bryanty","Pinnigar","bpinnigarem@nps.gov","Male","47","4"
"528","Fanni","Steckings","fsteckingsen@ucla.edu","Female","77","2"
"529","Lorena","Matejka","lmatejkaeo@berkeley.edu","Female","64","1"
"530","Jerrie","Lecordier","jlecordierep@samsung.com","Male","79","5"
"531","Judi","Benazet","jbenazeteq@guardian.co.uk","Genderfluid","61","1"
"532","Gilly","Matuszyk","gmatuszyker@icio.us","Female","43","4"
"533","Mamie","Graybeal","mgraybeales@i2i.jp","Female","65","2"
"534","Sissie","Mercy","smercyet@lycos.com","Female","52","5"
"535","Krista","Pashba","kpashbaeu@icio.us","Female","31","1"
"536","Emmy","Rickis","erickisev@chron.com","Polygender","72","2"
"537","Laureen","Iacovozzo","liacovozzoew@reuters.com","Female","66","4"
"538","Siusan","Reggler","sregglerex@miibeian.gov.cn","Female","77","3"
"539","Aldis","Coopey","acoopeyey@xrea.com","Male","43","3"
"540","Phillipe","Izkovici","pizkoviciez@businessinsider.com","Male","39","2"
"541","Harley","Klamp","hklampf0@nytimes.com","Female","27","5"
"542","Benyamin","Broadstock","bbroadstockf1@hc360.com","Male","40","2"
"543","Son","Cow","scowf2@friendfeed.com","Male","60","1"
"544","Humbert","Cockcroft","hcockcroftf3@symantec.com","Male","65","5"
"545","Herbie","Archbald","harchbaldf4@prlog.org","Male","78","2"
"546","Leonie","Causnett","lcausnettf5@hugedomains.com","Female","21","1"
"547","Dawn","Dunkley","ddunkleyf6@admin.ch","Female","62","1"
"548","Waylen","Fradgley","wfradgleyf7@scribd.com","Male","61","2"
"549","Darci","Bawle","dbawlef8@dailymail.co.uk","Non-binary","31","4"
"550","Rollo","Errey","rerreyf9@over-blog.com","Male","20","1"
"551","Holly","Danslow","hdanslowfa@angelfire.com","Female","50","1"
"552","Seymour","D'Errico","sderricofb@netvibes.com","Male","46","4"
"553","Yetty","Weedall","yweedallfc@godaddy.com","Female","48","4"
"554","Alberik","Bonnell","abonnellfd@constantcontact.com","Male","49","2"
"555","Angil","Abys","aabysfe@prweb.com","Female","67","3"
"556","Sinclair","Garnall","sgarnallff@boston.com","Male","27","4"
"557","Benjy","Calbaithe","bcalbaithefg@usnews.com","Male","25","3"
"558","Phineas","Diggens","pdiggensfh@photobucket.com","Male","31","4"
"559","Edin","Winger","ewingerfi@sitemeter.com","Female","51","1"
"560","Joellen","Pandie","jpandiefj@opensource.org","Female","23","1"
"561","Tory","Pottage","tpottagefk@cloudflare.com","Female","43","3"
"562","Gage","Kornyakov","gkornyakovfl@w3.org","Male","49","5"
"563","Karoly","Wimbridge","kwimbridgefm@cyberchimps.com","Male","25","2"
"564","Cara","Barrick","cbarrickfn@cornell.edu","Female","42","2"
"565","Claudius","Piller","cpillerfo@apple.com","Male","56","2"
"566","Lorne","Brugemann","lbrugemannfp@artisteer.com","Bigender","78","4"
"567","Lavena","Guyon","lguyonfq@t.co","Female","67","5"
"568","Alvira","Drewes","adrewesfr@over-blog.com","Female","18","2"
"569","Netty","Wilmore","nwilmorefs@techcrunch.com","Female","28","5"
"570","Tracy","Lowndsbrough","tlowndsbroughft@addthis.com","Bigender","37","5"
"571","Yorke","Schukraft","yschukraftfu@com.com","Male","56","5"
"572","Ade","McVane","amcvanefv@dedecms.com","Male","52","4"
"573","Minni","O'Duggan","modugganfw@sitemeter.com","Female","46","5"
"574","Chanda","Joriot","cjoriotfx@ft.com","Female","22","3"
"575","Heloise","Wilcock","hwilcockfy@icio.us","Agender","25","2"
"576","Madeleine","Shillito","mshillitofz@ihg.com","Female","56","3"
"577","Theodosia","Bodley","tbodleyg0@wikia.com","Female","57","1"
"578","Lynnelle","Faithorn","lfaithorng1@booking.com","Female","52","4"
"579","Stanislaw","Twitchings","stwitchingsg2@google.de","Male","73","5"
"580","Elise","Yitzovicz","eyitzoviczg3@printfriendly.com","Female","45","3"
"581","Eada","Bebb","ebebbg4@imageshack.us","Female","29","5"
"582","Alexis","Killigrew","akilligrewg5@studiopress.com","Female","36","5"
"583","Maddie","Barenskie","mbarenskieg6@friendfeed.com","Male","23","3"
"584","Anson","Woolaghan","awoolaghang7@4shared.com","Male","75","5"
"585","Francyne","Abbets","fabbetsg8@artisteer.com","Female","78","4"
"586","Dody","Fluin","dfluing9@mashable.com","Female","31","4"
"587","Eduino","Wallentin","ewallentinga@dailymail.co.uk","Male","71","2"
"588","Forster","Rubberts","frubbertsgb@virginia.edu","Male","35","2"
"589","Lainey","Ribeiro","lribeirogc@so-net.ne.jp","Female","44","3"
"590","Jeramie","Frantzeni","jfrantzenigd@linkedin.com","Male","23","3"
"591","Lawry","McKendry","lmckendryge@senate.gov","Male","57","1"
"592","Bellina","Henlon","bhenlongf@blogspot.com","Female","20","3"
"593","Hymie","Rudyard","hrudyardgg@moonfruit.com","Male","50","2"
"594","Patten","Syred","psyredgh@fastcompany.com","Male","40","2"
"595","Elbert","Whitebrook","ewhitebrookgi@indiegogo.com","Male","40","5"
"596","Valaria","Bourgourd","vbourgourdgj@google.de","Female","55","4"
"597","Victor","Camoletto","vcamolettogk@merriam-webster.com","Male","24","5"
"598","Rosita","Casebourne","rcasebournegl@cnn.com","Female","29","1"
"599","William","Noads","wnoadsgm@ucoz.ru","Male","33","1"
"600","Susanetta","Wollard","swollardgn@vkontakte.ru","Female","35","1"
"601","Harv","Scotchforth","hscotchforthgo@mashable.com","Male","37","3"
"602","Cristine","Scuffham","cscuffhamgp@reverbnation.com","Female","27","4"
"603","Cori","Livermore","clivermoregq@studiopress.com","Male","53","1"
"604","Dorey","Caselli","dcaselligr@4shared.com","Male","51","4"
"605","Lanni","McLarens","lmclarensgs@pen.io","Female","22","1"
"606","Elmore","Learoyd","elearoydgt@ucoz.com","Male","32","2"
"607","Prue","Papachristophorou","ppapachristophorougu@typepad.com","Female","78","1"
"608","Patten","Booi","pbooigv@phpbb.com","Male","63","2"
"609","Tedman","Barham","tbarhamgw@jalbum.net","Male","62","5"
"610","Mikel","Gewer","mgewergx@squidoo.com","Male","24","5"
"611","Worth","Lilley","wlilleygy@creativecommons.org","Male","50","4"
"612","Ave","Scimoni","ascimonigz@psu.edu","Male","56","4"
"613","Pollyanna","Heggadon","pheggadonh0@netlog.com","Female","52","2"
"614","Corbet","Mulrooney","cmulrooneyh1@de.vu","Male","73","5"
"615","Ardine","Brusin","abrusinh2@twitter.com","Female","79","5"
"616","Lise","Reese","lreeseh3@businessinsider.com","Female","65","3"
"617","Yank","Chettle","ychettleh4@kickstarter.com","Male","19","1"
"618","Tatiania","Thornton-Dewhirst","tthorntondewhirsth5@hao123.com","Female","36","2"
"619","Jourdain","Tebbe","jtebbeh6@answers.com","Male","63","5"
"620","Redd","Kinnaird","rkinnairdh7@seattletimes.com","Genderqueer","48","2"
"621","Craggie","Wallman","cwallmanh8@tripadvisor.com","Male","45","5"
"622","Dew","Joubert","djouberth9@hibu.com","Male","46","4"
"623","Sue","Estrella","sestrellaha@twitpic.com","Bigender","52","1"
"624","Joanne","Cominoli","jcominolihb@linkedin.com","Female","71","1"
"625","Randal","Vasyatkin","rvasyatkinhc@fc2.com","Male","67","1"
"626","Skippy","Penelli","spenellihd@sohu.com","Male","29","2"
"627","Tanney","Yerrall","tyerrallhe@yelp.com","Male","35","3"
"628","Caty","Deeble","cdeeblehf@google.fr","Female","33","3"
"629","Charmian","Handman","chandmanhg@acquirethisname.com","Female","61","3"
"630","Melodee","Peete","mpeetehh@cornell.edu","Female","51","2"
"631","Rania","Klemencic","rklemencichi@utexas.edu","Female","25","1"
"632","Maje","Penke","mpenkehj@list-manage.com","Male","19","3"
"633","Ruddy","Dodamead","rdodameadhk@quantcast.com","Male","29","1"
"634","Hedy","Haggerstone","hhaggerstonehl@nifty.com","Genderqueer","33","4"
"635","Norby","Abbado","nabbadohm@cloudflare.com","Agender","44","2"
"636","Buckie","Dearnley","bdearnleyhn@devhub.com","Male","28","1"
"637","Darcie","Rickardsson","drickardssonho@blog.com","Female","29","3"
"638","Cathrin","Goskar","cgoskarhp@sina.com.cn","Female","34","3"
"639","Foster","Press","fpresshq@youtube.com","Male","24","4"
"640","Correy","Bus","cbushr@businessweek.com","Female","28","1"
"641","Jillayne","Strond","jstrondhs@odnoklassniki.ru","Female","73","3"
"642","Dennie","Jancic","djancicht@harvard.edu","Male","72","3"
"643","Jessi","Giovannacci","jgiovannaccihu@yelp.com","Female","45","1"
"644","Keelia","Camillo","kcamillohv@usgs.gov","Female","27","5"
"645","Kira","Antonnikov","kantonnikovhw@imageshack.us","Female","23","2"
"646","Isabelle","Garbett","igarbetthx@posterous.com","Female","43","3"
"647","Becky","Yegorkin","byegorkinhy@lycos.com","Female","55","3"
"648","Carmelle","Jessard","cjessardhz@ezinearticles.com","Polygender","53","2"
"649","Corty","Ianilli","cianillii0@over-blog.com","Male","74","3"
"650","Cristabel","Petley","cpetleyi1@dailymotion.com","Female","28","4"
"651","Ellie","Werrilow","ewerrilowi2@patch.com","Female","53","5"
"652","Grantham","Piggins","gpigginsi3@amazon.co.uk","Male","37","3"
"653","Adelbert","Attenburrow","aattenburrowi4@360.cn","Male","79","4"
"654","Cynthy","Mowsdale","cmowsdalei5@ovh.net","Female","30","5"
"655","Kelwin","Klimkov","kklimkovi6@imageshack.us","Male","22","4"
"656","Vaclav","Fawltey","vfawlteyi7@feedburner.com","Male","77","4"
"657","Dionysus","Vasyutochkin","dvasyutochkini8@discuz.net","Male","68","4"
"658","Lulita","Schule","lschulei9@cbsnews.com","Female","80","5"
"659","Andros","Elsay","aelsayia@skype.com","Male","72","4"
"660","Livvyy","Churchouse","lchurchouseib@behance.net","Bigender","34","4"
"661","Querida","DelaField","qdelafieldic@vistaprint.com","Female","21","1"
"662","Jerrine","Pollack","jpollackid@geocities.jp","Agender","64","1"
"663","Papagena","Bellew","pbellewie@dedecms.com","Female","79","1"
"664","Laural","Bryson","lbrysonif@arizona.edu","Female","70","2"
"665","Clint","Helling","chellingig@google.ru","Male","48","2"
"666","Hilly","O' Loughran","holoughranih@csmonitor.com","Male","55","3"
"667","Bren","Maggi","bmaggiii@cnn.com","Male","74","2"
"668","Ara","Tomney","atomneyij@youku.com","Genderqueer","70","3"
"669","Elysha","Tuplin","etuplinik@jimdo.com","Female","56","3"
"670","Essa","Abbati","eabbatiil@plala.or.jp","Female","33","5"
"671","Flemming","Whitters","fwhittersim@edublogs.org","Male","41","1"
"672","Ethel","Jury","ejuryin@godaddy.com","Female","62","3"
"673","Freddy","Fulop","ffulopio@usatoday.com","Female","66","3"
"674","Sergeant","Harback","sharbackip@skype.com","Male","70","5"
"675","Montgomery","Chamberlaine","mchamberlaineiq@t-online.de","Male","53","1"
"676","Cortie","Goodwell","cgoodwellir@google.fr","Male","54","3"
"677","Monte","Gurg","mgurgis@upenn.edu","Genderfluid","53","3"
"678","Danie","Charteris","dcharterisit@prweb.com","Polygender","47","4"
"679","Marve","McCleary","mmcclearyiu@washingtonpost.com","Male","18","1"
"680","Mirna","Bretherton","mbrethertoniv@state.tx.us","Female","18","4"
"681","Shermy","Decourcy","sdecourcyiw@epa.gov","Male","75","4"
"682","Erick","Stoney","estoneyix@oakley.com","Polygender","31","5"
"683","Bary","Dulake","bdulakeiy@biglobe.ne.jp","Male","26","5"
"684","Tomas","Lafayette","tlafayetteiz@addtoany.com","Male","32","4"
"685","Reynold","Meach","rmeachj0@aol.com","Male","67","5"
"686","Blinni","Leathwood","bleathwoodj1@squarespace.com","Female","44","3"
"687","Grayce","Hedingham","ghedinghamj2@mayoclinic.com","Non-binary","79","5"
"688","Ripley","Vayne","rvaynej3@washington.edu","Male","74","5"
"689","Sheppard","McDougal","smcdougalj4@redcross.org","Male","43","4"
"690","Cecelia","Gwynne","cgwynnej5@oracle.com","Female","65","3"
"691","Burt","Eloy","beloyj6@eventbrite.com","Male","25","3"
"692","Toby","Craik","tcraikj7@cdc.gov","Female","74","2"
"693","Adriano","Bentinck","abentinckj8@ucla.edu","Polygender","78","1"
"694","Ainslie","Viger","avigerj9@google.fr","Female","62","3"
"695","Imelda","Gull","igullja@fastcompany.com","Female","70","4"
"696","Tamas","Farnon","tfarnonjb@abc.net.au","Male","25","3"
"697","Aloin","Eggins","aegginsjc@github.io","Male","59","1"
"698","Maire","Seiler","mseilerjd@bing.com","Female","57","1"
"699","Aleda","Swyre","aswyreje@wiley.com","Genderqueer","69","5"
"700","Haleigh","Lorman","hlormanjf@godaddy.com","Male","42","4"
"701","Xaviera","Staton","xstatonjg@miibeian.gov.cn","Female","47","5"
"702","Elysee","Tournay","etournayjh@theguardian.com","Non-binary","30","1"
"703","Catherina","Bysaker","cbysakerji@google.pl","Genderqueer","52","5"
"704","Weidar","Strongitharm","wstrongitharmjj@twitter.com","Male","77","3"
"705","Johan","Hicks","jhicksjk@wordpress.org","Male","71","2"
"706","Gregorius","Dyke","gdykejl@php.net","Male","29","2"
"707","Raphael","Rawcliffe","rrawcliffejm@techcrunch.com","Male","22","2"
"708","Dex","Piniur","dpiniurjn@time.com","Male","48","2"
"709","Abra","Garrod","agarrodjo@tinyurl.com","Female","53","2"
"710","Terence","Trinder","ttrinderjp@merriam-webster.com","Male","71","4"
"711","Josephine","Camerello","jcamerellojq@godaddy.com","Female","32","4"
"712","Alejandro","Chatainier","achatainierjr@csmonitor.com","Male","54","3"
"713","King","Pawley","kpawleyjs@elpais.com","Male","45","5"
"714","Pietra","Kail","pkailjt@ted.com","Female","32","2"
"715","Siward","Knutsen","sknutsenju@ft.com","Male","69","1"
"716","Janaya","McAughtrie","jmcaughtriejv@parallels.com","Female","27","4"
"717","Ora","Huskinson","ohuskinsonjw@sciencedirect.com","Female","45","4"
"718","Ida","Catcheside","icatchesidejx@pen.io","Female","34","5"
"719","Bastian","Pavitt","bpavittjy@fotki.com","Male","47","5"
"720","Zitella","Basford","zbasfordjz@java.com","Female","49","3"
"721","Tyrus","Hydes","thydesk0@princeton.edu","Male","80","1"
"722","Hillie","Bleier","hbleierk1@infoseek.co.jp","Male","78","1"
"723","Merill","Topp","mtoppk2@businesswire.com","Male","55","2"
"724","Constance","Sisse","csissek3@bloglines.com","Female","60","4"
"725","Ahmad","Davidi","adavidik4@house.gov","Male","35","1"
"726","Siobhan","Bentick","sbentickk5@cbslocal.com","Female","45","1"
"727","Flossi","Tincknell","ftincknellk6@mapy.cz","Polygender","73","1"
"728","Hedda","Longfield","hlongfieldk7@apple.com","Female","76","1"
"729","Pavel","MacAree","pmacareek8@skype.com","Male","76","1"
"730","Quentin","Ivashintsov","qivashintsovk9@godaddy.com","Male","72","1"
"731","Ferdie","Bragginton","fbraggintonka@ted.com","Male","51","5"
"732","Catrina","Girth","cgirthkb@prweb.com","Female","39","2"
"733","Thomas","Roffey","troffeykc@networkadvertising.org","Polygender","63","1"
"734","Magnum","Bawles","mbawleskd@hugedomains.com","Male","52","5"
"735","Renaud","Prichard","rprichardke@chicagotribune.com","Male","19","4"
"736","Dredi","Pelling","dpellingkf@umn.edu","Female","67","4"
"737","Roze","Ottewell","rottewellkg@upenn.edu","Female","73","1"
"738","Isidora","Robottom","irobottomkh@g.co","Female","70","1"
"739","Jamison","Mossbee","jmossbeeki@army.mil","Male","76","5"
"740","Mandy","Golds","mgoldskj@senate.gov","Agender","56","3"
"741","Brod","Walles","bwalleskk@google.it","Male","76","2"
"742","Tory","Caughtry","tcaughtrykl@nature.com","Female","47","1"
"743","Emanuel","Everix","eeverixkm@ovh.net","Male","20","3"
"744","Alvy","Snashall","asnashallkn@aboutads.info","Male","66","4"
"745","Bobbe","Kensett","bkensettko@mit.edu","Female","29","3"
"746","Piotr","Cruickshank","pcruickshankkp@youtube.com","Male","48","3"
"747","Paulo","Oubridge","poubridgekq@arizona.edu","Male","72","3"
"748","Mignonne","Legerwood","mlegerwoodkr@nifty.com","Female","54","4"
"749","Cynthea","Attoc","cattocks@miitbeian.gov.cn","Female","58","3"
"750","Fanya","Girone","fgironekt@dot.gov","Female","80","3"
"751","Paige","Baynard","pbaynardku@cloudflare.com","Male","49","4"
"752","Aliza","Duding","adudingkv@deliciousdays.com","Genderfluid","54","1"
"753","Etta","Baiss","ebaisskw@hexun.com","Female","26","2"
"754","Jacklin","Yesinin","jyesininkx@homestead.com","Female","42","5"
"755","Albina","Nettleship","anettleshipky@scientificamerican.com","Female","29","5"
"756","Iggie","Allmen","iallmenkz@prlog.org","Genderqueer","67","3"
"757","Corilla","McReidy","cmcreidyl0@blinklist.com","Female","57","5"
"758","Hamish","Coyte","hcoytel1@unesco.org","Genderqueer","72","1"
"759","Xymenes","Blight","xblightl2@pinterest.com","Male","27","1"
"760","Cointon","Patten","cpattenl3@de.vu","Male","73","2"
"761","Fae","Burberye","fburberyel4@va.gov","Female","58","1"
"762","Saunder","Mazella","smazellal5@exblog.jp","Male","73","5"
"763","Brigham","Theyer","btheyerl6@discovery.com","Male","61","4"
"764","Sorcha","Gaenor","sgaenorl7@php.net","Female","24","4"
"765","Velma","de Guise","vdeguisel8@ovh.net","Female","34","5"
"766","Willamina","Tigner","wtignerl9@discovery.com","Female","68","4"
"767","Izzy","Butten","ibuttenla@cargocollective.com","Male","38","3"
"768","Ora","Naisbitt","onaisbittlb@sciencedaily.com","Female","77","1"
"769","Craggie","Trusler","ctruslerlc@house.gov","Male","62","2"
"770","Mic","Sandeland","msandelandld@aboutads.info","Male","37","5"
"771","Doll","Griffe","dgriffele@vinaora.com","Female","71","2"
"772","Carlyle","Origin","coriginlf@hp.com","Male","24","2"
"773","Bartholemy","Lillegard","blillegardlg@netvibes.com","Male","72","4"
"774","Munmro","Moors","mmoorslh@umn.edu","Male","31","5"
"775","Adolf","Blissett","ablissettli@reddit.com","Male","36","3"
"776","Milton","Ridger","mridgerlj@mit.edu","Male","71","2"
"777","Rem","Morson","rmorsonlk@cnn.com","Male","73","3"
"778","Timmy","Fortie","tfortiell@delicious.com","Male","64","2"
"779","Cort","Dayley","cdayleylm@jimdo.com","Male","55","4"
"780","Marigold","Pascoe","mpascoeln@newsvine.com","Female","65","1"
"781","Travus","Thow","tthowlo@cafepress.com","Male","78","3"
"782","Mylo","MacShirie","mmacshirielp@google.de","Male","32","3"
"783","Cornela","Fleckney","cfleckneylq@comcast.net","Female","37","4"
"784","Arvy","McIleen","amcileenlr@blinklist.com","Male","37","4"
"785","Freddie","Crosi","fcrosils@edublogs.org","Male","48","5"
"786","Christoffer","Reven","crevenlt@census.gov","Male","49","2"
"787","Mickey","Matissoff","mmatissofflu@mail.ru","Genderfluid","55","1"
"788","Rem","Pendre","rpendrelv@acquirethisname.com","Male","21","2"
"789","Wake","Spoerl","wspoerllw@apache.org","Male","29","1"
"790","Shelton","Heading","sheadinglx@livejournal.com","Male","22","3"
"791","Brew","Crittal","bcrittally@sakura.ne.jp","Male","30","4"
"792","Adelaida","Clew","aclewlz@ed.gov","Female","24","2"
"793","Phylys","Keitch","pkeitchm0@unicef.org","Female","63","4"
"794","Zachariah","Bohler","zbohlerm1@github.io","Male","77","5"
"795","Joceline","Collett","jcollettm2@github.com","Female","69","2"
"796","Osgood","Lindsley","olindsleym3@nhs.uk","Male","26","1"
"797","Kandace","Scholcroft","kscholcroftm4@goodreads.com","Female","76","1"
"798","Giorgi","Almond","galmondm5@msu.edu","Male","28","3"
"799","Rebeca","Skeggs","rskeggsm6@aol.com","Female","61","2"
"800","Humfried","Grishankov","hgrishankovm7@gnu.org","Male","64","3"
"801","Fairleigh","Davisson","fdavissonm8@va.gov","Male","45","1"
"802","Lexie","Mein","lmeinm9@bravesites.com","Female","20","1"
"803","Donni","Mucklow","dmucklowma@ycombinator.com","Female","40","3"
"804","Stepha","De La Haye","sdelahayemb@istockphoto.com","Female","69","3"
"805","Bertram","Beswell","bbeswellmc@ezinearticles.com","Male","61","5"
"806","Hedda","Lucks","hlucksmd@howstuffworks.com","Female","80","5"
"807","Rora","Shillingford","rshillingfordme@addthis.com","Female","43","4"
"808","Norma","Bromhead","nbromheadmf@tripod.com","Genderfluid","53","2"
"809","Yank","Hilbourne","yhilbournemg@yahoo.com","Male","55","1"
"810","Gabe","Yglesia","gyglesiamh@weather.com","Genderfluid","56","3"
"811","Delly","Lobley","dlobleymi@bing.com","Female","72","2"
"812","Rriocard","Huyton","rhuytonmj@altervista.org","Male","75","4"
"813","Carey","Linch","clinchmk@hud.gov","Male","80","2"
"814","Winona","Chilcott","wchilcottml@senate.gov","Female","31","4"
"815","Shane","Steeples","ssteeplesmm@columbia.edu","Male","28","4"
"816","Husain","Rykert","hrykertmn@wordpress.com","Male","77","5"
"817","Zorine","Cammacke","zcammackemo@technorati.com","Female","32","2"
"818","Danica","Story","dstorymp@census.gov","Female","75","1"
"819","Shalom","Zamora","szamoramq@marketwatch.com","Male","73","2"
"820","Letitia","Dudgeon","ldudgeonmr@upenn.edu","Female","34","1"
"821","Greer","Tabert","gtabertms@trellian.com","Female","61","4"
"822","Jayme","Tombling","jtomblingmt@ftc.gov","Male","56","5"
"823","Hollyanne","Cremins","hcreminsmu@etsy.com","Female","46","3"
"824","Saudra","Danit","sdanitmv@stanford.edu","Female","24","5"
"825","Hillery","Traske","htraskemw@archive.org","Male","20","5"
"826","Lusa","Wildor","lwildormx@sciencedaily.com","Female","44","3"
"827","Taddeo","Verlander","tverlandermy@blinklist.com","Male","69","4"
"828","Clarine","Hutfield","chutfieldmz@blogger.com","Non-binary","55","1"
"829","Yoshi","Dark","ydarkn0@people.com.cn","Female","38","2"
"830","Kori","Anscott","kanscottn1@google.ru","Female","38","5"
"831","Emeline","Annis","eannisn2@disqus.com","Female","51","3"
"832","Karl","Robinett","krobinettn3@nsw.gov.au","Male","36","2"
"833","Tabbatha","Lackney","tlackneyn4@japanpost.jp","Female","71","1"
"834","Errol","Joreau","ejoreaun5@shinystat.com","Male","23","1"
"835","Ebony","Abrashkin","eabrashkinn6@delicious.com","Female","74","3"
"836","Chancey","Mulmuray","cmulmurayn7@163.com","Male","21","3"
"837","Ellyn","Ellacott","eellacottn8@multiply.com","Female","79","1"
"838","Jerry","Fotitt","jfotittn9@biblegateway.com","Male","19","4"
"839","Tildi","Lanceley","tlanceleyna@admin.ch","Female","67","3"
"840","Geoffry","Espinola","gespinolanb@si.edu","Agender","56","3"
"841","Graig","Volkes","gvolkesnc@wikispaces.com","Male","78","5"
"842","Vail","Goodlett","vgoodlettnd@netlog.com","Male","66","4"
"843","Romola","Martynov","rmartynovne@bbc.co.uk","Female","31","1"
"844","Latia","Norwich","lnorwichnf@t-online.de","Female","61","3"
"845","Gordan","Crudgington","gcrudgingtonng@answers.com","Male","78","1"
"846","Dilan","Sutherby","dsutherbynh@soundcloud.com","Male","26","1"
"847","Clayton","Sebright","csebrightni@hhs.gov","Male","43","2"
"848","Orsa","Eidler","oeidlernj@ed.gov","Female","71","5"
"849","Cordie","Oake","coakenk@unblog.fr","Male","63","4"
"850","Suellen","Wigmore","swigmorenl@bbc.co.uk","Female","24","2"
"851","Maurita","Bartolomeu","mbartolomeunm@pen.io","Female","61","5"
"852","Ewell","Kynsey","ekynseynn@woothemes.com","Male","62","1"
"853","Theodor","Slimming","tslimmingno@cmu.edu","Male","75","5"
"854","Dulciana","Free","dfreenp@paypal.com","Female","59","1"
"855","Chrissy","Perschke","cperschkenq@pinterest.com","Male","53","1"
"856","Findley","Hoodless","fhoodlessnr@twitter.com","Male","49","1"
"857","Dorothy","Joselevitz","djoselevitzns@tamu.edu","Female","30","5"
"858","Vivyan","Diment","vdimentnt@unicef.org","Female","67","4"
"859","Elnar","Hellmore","ehellmorenu@bluehost.com","Male","41","1"
"860","Karoly","Kernaghan","kkernaghannv@oakley.com","Male","21","3"
"861","Kathye","Mattiacci","kmattiaccinw@psu.edu","Agender","48","4"
"862","Sidoney","Kauscher","skauschernx@yelp.com","Female","54","5"
"863","Jenica","Hanfrey","jhanfreyny@stanford.edu","Bigender","49","1"
"864","Johnny","Pittet","jpittetnz@bbb.org","Male","20","1"
"865","Caroljean","Mosdall","cmosdallo0@usda.gov","Female","19","3"
"866","Harp","Spellacey","hspellaceyo1@forbes.com","Male","54","1"
"867","Rupert","Boddie","rboddieo2@ovh.net","Male","40","4"
"868","Kippy","Barz","kbarzo3@last.fm","Male","30","1"
"869","Mikel","Fitchen","mfitcheno4@sun.com","Male","80","1"
"870","Garrik","Mustoo","gmustooo5@mashable.com","Male","30","4"
"871","Uri","Coller","ucollero6@cpanel.net","Male","63","5"
"872","Tobie","Barracks","tbarrackso7@engadget.com","Male","77","3"
"873","Flint","Hightown","fhightowno8@hibu.com","Male","47","4"
"874","Goldie","Fasset","gfasseto9@cbc.ca","Female","70","2"
"875","Alleen","Mobbs","amobbsoa@bloglines.com","Female","62","3"
"876","Corina","Paige","cpaigeob@last.fm","Female","38","2"
"877","Noby","McCreary","nmccrearyoc@stumbleupon.com","Male","20","1"
"878","Timmy","Stennings","tstenningsod@macromedia.com","Female","35","3"
"879","Stanly","Reck","sreckoe@go.com","Male","25","4"
"880","Sandro","Thome","sthomeof@un.org","Male","59","5"
"881","Pippa","Dilleway","pdillewayog@creativecommons.org","Female","26","1"
"882","Dennet","Bett","dbettoh@blogspot.com","Male","55","2"
"883","Gillian","Jeffcoat","gjeffcoatoi@blogtalkradio.com","Agender","63","2"
"884","Andrej","Meekings","ameekingsoj@sciencedaily.com","Male","21","3"
"885","Mervin","Mangham","mmanghamok@google.com.hk","Polygender","33","1"
"886","Candi","McLoney","cmcloneyol@1688.com","Female","68","5"
"887","Albrecht","Stealy","astealyom@scientificamerican.com","Male","37","1"
"888","Germaine","Gronauer","ggronaueron@people.com.cn","Male","33","5"
"889","Hillary","Jewel","hjeweloo@mac.com","Male","39","1"
"890","Chelsae","Burrell","cburrellop@weather.com","Agender","36","3"
"891","Cassondra","Corney","ccorneyoq@xrea.com","Female","24","2"
"892","Faulkner","Attewill","fattewillor@go.com","Male","80","1"
"893","Jennilee","Townsend","jtownsendos@sciencedaily.com","Genderfluid","18","3"
"894","Rodrique","Ducker","rduckerot@washingtonpost.com","Male","69","5"
"895","Niall","Chainey","nchaineyou@typepad.com","Male","64","1"
"896","Claus","Housecroft","chousecroftov@wisc.edu","Male","74","5"
"897","Fayina","McCullogh","fmcculloghow@ox.ac.uk","Female","78","3"
"898","Ringo","Simic","rsimicox@irs.gov","Male","29","2"
"899","Georgetta","Roswarne","groswarneoy@yelp.com","Female","44","4"
"900","Conrade","Dunrige","cdunrigeoz@goo.gl","Male","21","4"
"901","Cornelius","Gullick","cgullickp0@prweb.com","Male","79","2"
"902","Jamie","Molfino","jmolfinop1@hubpages.com","Male","21","5"
"903","Jelene","Iacomo","jiacomop2@shareasale.com","Female","79","1"
"904","Jamaal","Beel","jbeelp3@ustream.tv","Male","77","3"
"905","Tony","Mattheissen","tmattheissenp4@wikia.com","Female","21","1"
"906","Lonni","Strase","lstrasep5@newyorker.com","Female","47","2"
"907","Jo-ann","Storry","jstorryp6@mysql.com","Female","63","1"
"908","Urbanus","Shermar","ushermarp7@shinystat.com","Male","33","3"
"909","Weidar","Hagstone","whagstonep8@comcast.net","Male","46","4"
"910","Dorelia","Millwall","dmillwallp9@wordpress.org","Female","57","5"
"911","Waylon","Siemandl","wsiemandlpa@symantec.com","Male","23","1"
"912","Darrelle","Barriball","dbarriballpb@aboutads.info","Female","73","1"
"913","Ariana","Marchi","amarchipc@netvibes.com","Female","43","3"
"914","Kippie","Couttes","kcouttespd@fema.gov","Agender","18","1"
"915","Appolonia","Sprules","asprulespe@utexas.edu","Female","65","4"
"916","Maria","Joscelyn","mjoscelynpf@is.gd","Bigender","41","2"
"917","Whitney","Probert","wprobertpg@wufoo.com","Female","46","5"
"918","Christoph","Tanner","ctannerph@blogtalkradio.com","Male","46","2"
"919","Cthrine","McIlveen","cmcilveenpi@gravatar.com","Female","71","1"
"920","Bibby","Perrelle","bperrellepj@spiegel.de","Female","31","3"
"921","Jeromy","Themann","jthemannpk@hao123.com","Male","51","1"
"922","Korney","Delve","kdelvepl@vkontakte.ru","Female","55","2"
"923","Patrizia","Janecki","pjaneckipm@google.cn","Female","36","5"
"924","Rayshell","Dalliwater","rdalliwaterpn@ow.ly","Female","28","1"
"925","Fawn","Christer","fchristerpo@aboutads.info","Genderfluid","44","1"
"926","Abby","McPhater","amcphaterpp@guardian.co.uk","Male","49","1"
"927","Irv","Horry","ihorrypq@chron.com","Male","44","4"
"928","Franz","Quinby","fquinbypr@dropbox.com","Male","59","1"
"929","Errol","Borchardt","eborchardtps@cbslocal.com","Male","73","2"
"930","Leonora","Burtonwood","lburtonwoodpt@patch.com","Female","36","2"
"931","Cyril","Loy","cloypu@businessinsider.com","Male","21","5"
"932","Eada","Wayland","ewaylandpv@prlog.org","Female","70","2"
"933","Brandice","Belliard","bbelliardpw@kickstarter.com","Female","71","5"
"934","Auberta","Scopham","ascophampx@indiegogo.com","Bigender","67","5"
"935","Christiano","Gamlin","cgamlinpy@plala.or.jp","Non-binary","44","5"
"936","Rob","Cowterd","rcowterdpz@yale.edu","Male","39","1"
"937","Caryl","Costigan","ccostiganq0@surveymonkey.com","Female","53","1"
"938","Emmet","Gwillim","egwillimq1@engadget.com","Male","58","1"
"939","Felicdad","Kornalik","fkornalikq2@netscape.com","Female","60","3"
"940","Dorella","Pochet","dpochetq3@wiley.com","Female","73","3"
"941","Jesse","Gregh","jgreghq4@oaic.gov.au","Female","63","4"
"942","Win","Rudyard","wrudyardq5@ftc.gov","Genderfluid","62","3"
"943","Gill","Swindon","gswindonq6@imdb.com","Female","46","2"
"944","Haroun","Elkin","helkinq7@squidoo.com","Male","55","3"
"945","Marylynne","Miner","mminerq8@mtv.com","Genderqueer","32","2"
"946","Scarface","Jacob","sjacobq9@mlb.com","Male","69","3"
"947","Radcliffe","Hurlestone","rhurlestoneqa@nymag.com","Male","64","3"
"948","Cacilie","Westmoreland","cwestmorelandqb@bandcamp.com","Female","36","3"
"949","Bidget","Bawden","bbawdenqc@w3.org","Female","35","2"
"950","Dion","Tubby","dtubbyqd@webmd.com","Male","31","2"
"951","Elicia","Ponten","epontenqe@gizmodo.com","Female","19","4"
"952","Clarita","Alexandersen","calexandersenqf@photobucket.com","Female","46","1"
"953","Lianne","Jinks","ljinksqg@dailymotion.com","Female","26","3"
"954","Tamqrah","Aliberti","talibertiqh@harvard.edu","Female","41","5"
"955","Maible","Chainey","mchaineyqi@theguardian.com","Female","19","5"
"956","Thaxter","Rearden","treardenqj@miitbeian.gov.cn","Genderfluid","77","3"
"957","Chad","Barbisch","cbarbischqk@gravatar.com","Male","79","3"
"958","Zacharie","Tordiffe","ztordiffeql@adobe.com","Male","71","5"
"959","Sammy","Amort","samortqm@nydailynews.com","Female","51","2"
"960","Bamby","Vise","bviseqn@nytimes.com","Female","66","4"
"961","Carline","Tolhurst","ctolhurstqo@twitter.com","Female","76","5"
"962","Adena","Stairs","astairsqp@wix.com","Female","30","4"
"963","Bettye","Blakeborough","bblakeboroughqq@bing.com","Female","72","4"
"964","Stefano","Casajuana","scasajuanaqr@miibeian.gov.cn","Male","54","1"
"965","Fergus","Robeson","frobesonqs@ibm.com","Male","23","5"
"966","Antonia","Dudbridge","adudbridgeqt@wunderground.com","Female","59","4"
"967","Odelia","Treeby","otreebyqu@google.ru","Female","43","2"
"968","Adore","Asp","aaspqv@cbsnews.com","Female","64","2"
"969","Welby","Rycroft","wrycroftqw@bbc.co.uk","Male","31","2"
"970","Bren","Mattingson","bmattingsonqx@baidu.com","Bigender","77","5"
"971","Atlanta","Linfoot","alinfootqy@harvard.edu","Female","72","4"
"972","Rabi","Gierok","rgierokqz@chron.com","Male","66","3"
"973","Sibyl","Kezourec","skezourecr0@uiuc.edu","Polygender","26","4"
"974","Sandro","Stenton","sstentonr1@pen.io","Male","80","2"
"975","Ardelia","Duffan","aduffanr2@desdev.cn","Agender","51","4"
"976","Krista","Swaile","kswailer3@amazonaws.com","Female","75","3"
"977","Jeffy","Hartegan","jharteganr4@uol.com.br","Male","36","2"
"978","Domini","Baldocci","dbaldoccir5@gmpg.org","Non-binary","49","4"
"979","Orelie","Roderigo","oroderigor6@lycos.com","Female","18","2"
"980","Hilarius","Deeson","hdeesonr7@admin.ch","Male","61","3"
"981","Freddy","Skurray","fskurrayr8@fc2.com","Female","28","1"
"982","Wanda","Nissle","wnissler9@upenn.edu","Female","53","3"
"983","Malina","Drackford","mdrackfordra@photobucket.com","Female","57","4"
"984","Juline","Jeske","jjeskerb@statcounter.com","Female","20","3"
"985","Billi","Adam","badamrc@youku.com","Female","78","5"
"986","Ervin","Daveridge","edaveridgerd@patch.com","Male","36","3"
"987","Clemmie","Rivallant","crivallantre@hostgator.com","Male","42","3"
"988","Marysa","Muirhead","mmuirheadrf@cpanel.net","Agender","52","3"
"989","Bondy","Kike","bkikerg@java.com","Male","41","2"
"990","Sheree","Siggin","ssigginrh@a8.net","Female","24","4"
"991","Daile","Mendoza","dmendozari@upenn.edu","Female","36","1"
"992","Dyan","Rapaport","drapaportrj@upenn.edu","Female","59","1"
"993","Luther","Waleran","lwaleranrk@icio.us","Male","27","5"
"994","Verine","Privett","vprivettrl@google.com.br","Female","45","1"
"995","Emmerich","Withinshaw","ewithinshawrm@sfgate.com","Male","29","3"
"996","Ulrika","Martine","umartinern@cnn.com","Female","69","2"
"997","Gay","Sackler","gsacklerro@sohu.com","Female","46","1"
"998","Benedict","Waumsley","bwaumsleyrp@icio.us","Male","27","3"
"999","Blakelee","De Cruze","bdecruzerq@netvibes.com","Female","29","1"
"1000","Allard","Paternoster","apaternosterrr@plala.or.jp","Male","39","4"
